{
    "acc_top1": 12.5,
    "acc_top5": 62.5,
    "after_lr": 5e-05,
    "cpu_percent": 43.9,
    "cuda_gb_gpu_memory_used": 16.95721435546875,
    "current_cache_size_train_loader": 11,
    "current_cache_size_val_loader": 18,
    "current_tensor_cache_size_train_loader": 78404,
    "current_tensor_cache_size_val_loader": 4086,
    "epoch": 0,
    "global_step": 19600,
    "gpu_gb_total": 19.625,
    "len_train_loader": 99503,
    "len_val_loader": 24750,
    "loss": 2.0205440521240234,
    "ram_gb_available": 1391.9562759399414,
    "ram_gb_free": 1255.0566101074219,
    "ram_gb_total": 1511.5532264709473,
    "ram_gb_used": 106.39803314208984,
    "ram_gb_used_main_thread": 40.75492477416992,
    "ram_percent": 7.9,
    "step": 19600,
    "val_acc_top1": 37.5,
    "val_acc_top5": 87.5,
    "val_after_lr": 5e-05,
    "val_loss": 1.847585916519165
}