{
    "acc_top1": 12.5,
    "acc_top5": 62.5,
    "after_lr": 4.99686706370952e-05,
    "cpu_percent": 38.7,
    "cuda_gb_gpu_memory_used": 17.68377685546875,
    "current_cache_size_train_loader": 56,
    "current_cache_size_val_loader": 20,
    "current_tensor_cache_size_train_loader": 0,
    "current_tensor_cache_size_val_loader": 0,
    "epoch": 15,
    "global_step": 799999,
    "gpu_gb_total": 19.625,
    "len_train_loader": 99503,
    "len_val_loader": 24750,
    "loss": 1.9464365243911743,
    "ram_gb_available": 1380.8644905090332,
    "ram_gb_free": 1224.9831924438477,
    "ram_gb_total": 1511.5532264709473,
    "ram_gb_used": 117.45281982421875,
    "ram_gb_used_main_thread": 51.221553802490234,
    "ram_percent": 8.6,
    "step": 49999,
    "val_acc_top1": 12.5,
    "val_acc_top5": 75.0,
    "val_after_lr": 4.996460124871428e-05,
    "val_loss": 1.9459367990493774
}